{"cameraMode":{"drawMode":0,"name":"Shaded","section":"Shading Mode"},"sceneLighting":false,"audioPlay":false,"sceneViewState":{"showFog":true,"showMaterialUpdate":true,"showSkybox":true,"showFlares":true,"showImageEffects":true,"showParticleSystems":true},"in2DMode":false,"pivot":{"x":9.613504409790039,"y":2.3947200775146486,"z":32.05540466308594},"rotation":{"x":-0.026654457673430444,"y":-0.16004273295402528,"z":0.004301563370972872,"w":-0.9868789315223694},"size":28.810123443603517,"orthographic":false}