{"cameraMode":{"drawMode":0,"name":"Shaded","section":"Shading Mode"},"sceneLighting":false,"audioPlay":false,"sceneViewState":{"showFog":true,"showMaterialUpdate":true,"showSkybox":true,"showFlares":true,"showImageEffects":true,"showParticleSystems":true},"in2DMode":false,"pivot":{"x":103.92997741699219,"y":12.877131462097168,"z":-45.9957275390625},"rotation":{"x":-0.014063418842852116,"y":0.7571594715118408,"z":0.01639687642455101,"w":0.6529232859611511},"size":74.5185775756836,"orthographic":false}