{"cameraMode":{"drawMode":0,"name":"Shaded","section":"Shading Mode"},"sceneLighting":true,"audioPlay":false,"sceneViewState":{"showFog":false,"showMaterialUpdate":false,"showSkybox":false,"showFlares":false,"showImageEffects":false,"showParticleSystems":false},"in2DMode":false,"pivot":{"x":45.68375778198242,"y":0.43854957818984988,"z":-21.161277770996095},"rotation":{"x":-0.017886262387037278,"y":-0.8681166768074036,"z":0.03212154656648636,"w":-0.4951748549938202},"size":51.0235710144043,"orthographic":false}