{"cameraMode":{"drawMode":0,"name":"Shaded","section":"Shading Mode"},"sceneLighting":false,"audioPlay":false,"sceneViewState":{"showFog":false,"showMaterialUpdate":false,"showSkybox":true,"showFlares":true,"showImageEffects":true,"showParticleSystems":true},"in2DMode":false,"pivot":{"x":-262.2770080566406,"y":-5.959148406982422,"z":68.00390625},"rotation":{"x":0.013205740600824356,"y":-0.6151896119117737,"z":0.010400493629276753,"w":0.788269579410553},"size":292.89825439453127,"orthographic":false}