{"cameraMode":{"drawMode":0,"name":"Shaded","section":"Shading Mode"},"sceneLighting":true,"audioPlay":false,"sceneViewState":{"showFog":true,"showMaterialUpdate":false,"showSkybox":true,"showFlares":true,"showImageEffects":true,"showParticleSystems":true},"in2DMode":false,"pivot":{"x":-9.477483749389649,"y":-1.2636528015136719,"z":4.324400901794434},"rotation":{"x":0.12006451189517975,"y":-0.5908634066581726,"z":0.08948732167482376,"w":0.7927559614181519},"size":14.892062187194825,"orthographic":false}