{"cameraMode":{"drawMode":0,"name":"Shaded","section":"Shading Mode"},"sceneLighting":false,"audioPlay":false,"sceneViewState":{"showFog":false,"showMaterialUpdate":false,"showSkybox":true,"showFlares":true,"showImageEffects":true,"showParticleSystems":true},"in2DMode":false,"pivot":{"x":-1.281524658203125,"y":-71.72032928466797,"z":170.6854705810547},"rotation":{"x":0.19698485732078553,"y":-0.01880403608083725,"z":0.0038527960423380138,"w":0.9802733659744263},"size":208.059814453125,"orthographic":false}