{"cameraMode":{"drawMode":0,"name":"Shaded","section":"Shading Mode"},"sceneLighting":false,"audioPlay":false,"sceneViewState":{"showFog":false,"showMaterialUpdate":false,"showSkybox":false,"showFlares":false,"showImageEffects":false,"showParticleSystems":false},"in2DMode":false,"pivot":{"x":3.1308560371398927,"y":1.6255731582641602,"z":-1.910517692565918},"rotation":{"x":-0.038097597658634189,"y":0.8783808350563049,"z":0.07103105634450913,"w":0.47111746668815615},"size":5.815767288208008,"orthographic":false}