{"cameraMode":{"drawMode":0,"name":"Shaded","section":"Shading Mode"},"sceneLighting":false,"audioPlay":false,"sceneViewState":{"showFog":false,"showMaterialUpdate":false,"showSkybox":false,"showFlares":false,"showImageEffects":false,"showParticleSystems":false},"in2DMode":false,"pivot":{"x":-393.3614807128906,"y":15.77920150756836,"z":-242.99037170410157},"rotation":{"x":0.006703280843794346,"y":0.8885006308555603,"z":0.01170443743467331,"w":-0.4587671160697937},"size":477.70587158203127,"orthographic":false}