{"cameraMode":{"drawMode":0,"name":"Shaded","section":"Shading Mode"},"sceneLighting":false,"audioPlay":false,"sceneViewState":{"showFog":false,"showMaterialUpdate":false,"showSkybox":false,"showFlares":false,"showImageEffects":false,"showParticleSystems":false},"in2DMode":false,"pivot":{"x":5.092230796813965,"y":7.283546447753906,"z":3.517976760864258},"rotation":{"x":-0.007287627086043358,"y":-0.7389633059501648,"z":0.0079834358766675,"w":-0.6736694574356079},"size":9.233887672424317,"orthographic":false}