{"cameraMode":{"drawMode":0,"name":"Shaded","section":"Shading Mode"},"sceneLighting":true,"audioPlay":false,"sceneViewState":{"showFog":true,"showMaterialUpdate":false,"showSkybox":true,"showFlares":true,"showImageEffects":true,"showParticleSystems":true},"in2DMode":false,"pivot":{"x":-119.94841003417969,"y":-5.573608875274658,"z":129.19064331054688},"rotation":{"x":0.019907142966985704,"y":-0.35473117232322695,"z":0.007600103039294481,"w":0.9347791075706482},"size":205.7038116455078,"orthographic":false}