{"cameraMode":{"drawMode":0,"name":"Shaded","section":"Shading Mode"},"sceneLighting":false,"audioPlay":false,"sceneViewState":{"showFog":false,"showMaterialUpdate":false,"showSkybox":false,"showFlares":false,"showImageEffects":false,"showParticleSystems":false},"in2DMode":false,"pivot":{"x":3.0816726684570314,"y":-7.195158958435059,"z":-64.93486022949219},"rotation":{"x":-0.0032683091703802349,"y":0.9960419535636902,"z":-0.05240593105554581,"w":-0.07269393652677536},"size":97.18364715576172,"orthographic":false}