{"cameraMode":{"drawMode":0,"name":"Shaded","section":"Shading Mode"},"sceneLighting":false,"audioPlay":false,"sceneViewState":{"showFog":true,"showMaterialUpdate":true,"showSkybox":true,"showFlares":true,"showImageEffects":true,"showParticleSystems":true},"in2DMode":false,"pivot":{"x":719.4312744140625,"y":-23.41034698486328,"z":160.57449340820313},"rotation":{"x":-0.014235668815672398,"y":-0.624617874622345,"z":0.01151703204959631,"w":-0.7808104753494263},"size":760.6043701171875,"orthographic":false}