{"cameraMode":{"drawMode":0,"name":"Shaded","section":"Shading Mode"},"sceneLighting":false,"audioPlay":false,"sceneViewState":{"showFog":false,"showMaterialUpdate":false,"showSkybox":false,"showFlares":false,"showImageEffects":false,"showParticleSystems":false},"in2DMode":false,"pivot":{"x":4.5321044921875,"y":3.6074039936065676,"z":-1.5213916301727296},"rotation":{"x":-0.047039926052093509,"y":0.8815844655036926,"z":0.08995898067951203,"w":0.4609825909137726},"size":8.369068145751954,"orthographic":false}