{"cameraMode":{"drawMode":0,"name":"Shaded","section":"Shading Mode"},"sceneLighting":false,"audioPlay":false,"sceneViewState":{"showFog":false,"showMaterialUpdate":false,"showSkybox":false,"showFlares":false,"showImageEffects":false,"showParticleSystems":false},"in2DMode":false,"pivot":{"x":-470.1352844238281,"y":-18.329235076904298,"z":105.06929016113281},"rotation":{"x":0.019004667177796365,"y":-0.6221669316291809,"z":0.01515631377696991,"w":0.7825822830200195},"size":511.6967468261719,"orthographic":false}