{"cameraMode":{"drawMode":0,"name":"Shaded","section":"Shading Mode"},"sceneLighting":false,"audioPlay":false,"sceneViewState":{"showFog":false,"showMaterialUpdate":false,"showSkybox":false,"showFlares":false,"showImageEffects":false,"showParticleSystems":false},"in2DMode":false,"pivot":{"x":-8.394110679626465,"y":2.3472001552581789,"z":-0.390607088804245},"rotation":{"x":0.008836365304887295,"y":-0.7386159300804138,"z":0.009224641136825085,"w":0.674176037311554},"size":11.482626914978028,"orthographic":false}