{"cameraMode":{"drawMode":0,"name":"Shaded","section":"Shading Mode"},"sceneLighting":false,"audioPlay":false,"sceneViewState":{"showFog":false,"showMaterialUpdate":false,"showSkybox":false,"showFlares":false,"showImageEffects":false,"showParticleSystems":false},"in2DMode":false,"pivot":{"x":91.97969818115235,"y":-28.050683975219728,"z":16.190475463867189},"rotation":{"x":-0.13139256834983827,"y":-0.5298023223876953,"z":0.08349102735519409,"w":-0.8337199091911316},"size":124.21868133544922,"orthographic":false}