{"cameraMode":{"drawMode":0,"name":"Shaded","section":"Shading Mode"},"sceneLighting":false,"audioPlay":false,"sceneViewState":{"showFog":false,"showMaterialUpdate":false,"showSkybox":true,"showFlares":true,"showImageEffects":true,"showParticleSystems":true},"in2DMode":false,"pivot":{"x":-121.6343002319336,"y":-71.01412200927735,"z":123.19894409179688},"rotation":{"x":0.18152543902397157,"y":-0.36439937353134158,"z":0.07272523641586304,"w":0.910538911819458},"size":194.86073303222657,"orthographic":false}