{"cameraMode":{"drawMode":0,"name":"Shaded","section":"Shading Mode"},"sceneLighting":false,"audioPlay":false,"sceneViewState":{"showFog":true,"showMaterialUpdate":true,"showSkybox":true,"showFlares":true,"showImageEffects":true,"showParticleSystems":true},"in2DMode":false,"pivot":{"x":-267.093017578125,"y":-138.32984924316407,"z":-507.4447937011719},"rotation":{"x":0.025954892858862878,"y":-0.9692728519439697,"z":0.11718204617500305,"w":0.21482664346694947},"size":609.9610595703125,"orthographic":false}