{"cameraMode":{"drawMode":0,"name":"Shaded","section":"Shading Mode"},"sceneLighting":true,"audioPlay":false,"sceneViewState":{"showFog":true,"showMaterialUpdate":false,"showSkybox":true,"showFlares":true,"showImageEffects":true,"showParticleSystems":true},"in2DMode":false,"pivot":{"x":-19.584518432617189,"y":-4.323551654815674,"z":-2.4525372982025148},"rotation":{"x":-0.09178325533866883,"y":0.7391451001167297,"z":-0.10288149118423462,"w":-0.6593216061592102},"size":31.757404327392579,"orthographic":false}