{"cameraMode":{"drawMode":0,"name":"Shaded","section":"Shading Mode"},"sceneLighting":false,"audioPlay":false,"sceneViewState":{"showFog":true,"showMaterialUpdate":true,"showSkybox":true,"showFlares":true,"showImageEffects":true,"showParticleSystems":true},"in2DMode":false,"pivot":{"x":0.49368345737457278,"y":1.398679256439209,"z":-2.420891761779785},"rotation":{"x":0.36196503043174746,"y":-0.018619989976286889,"z":0.009172431193292141,"w":0.9323233366012573},"size":8.186222076416016,"orthographic":false}