{"cameraMode":{"drawMode":0,"name":"Shaded","section":"Shading Mode"},"sceneLighting":false,"audioPlay":false,"sceneViewState":{"showFog":false,"showMaterialUpdate":false,"showSkybox":false,"showFlares":false,"showImageEffects":false,"showParticleSystems":false},"in2DMode":false,"pivot":{"x":-585.1254272460938,"y":-31.681474685668947,"z":-43.84438705444336},"rotation":{"x":0.022309115156531335,"y":-0.7420294880867004,"z":0.024727284908294679,"w":0.6695647835731506},"size":609.9610595703125,"orthographic":false}