{"cameraMode":{"drawMode":0,"name":"Shaded","section":"Shading Mode"},"sceneLighting":false,"audioPlay":false,"sceneViewState":{"showFog":false,"showMaterialUpdate":false,"showSkybox":false,"showFlares":false,"showImageEffects":false,"showParticleSystems":false},"in2DMode":false,"pivot":{"x":-8.672735214233399,"y":0.6579074859619141,"z":-3.819070339202881},"rotation":{"x":-0.04195348545908928,"y":0.9576917290687561,"z":-0.18090540170669557,"w":-0.22037279605865479},"size":12.097034454345704,"orthographic":false}