{"cameraMode":{"drawMode":0,"name":"Shaded","section":"Shading Mode"},"sceneLighting":false,"audioPlay":false,"sceneViewState":{"showFog":true,"showMaterialUpdate":true,"showSkybox":true,"showFlares":true,"showImageEffects":true,"showParticleSystems":true},"in2DMode":false,"pivot":{"x":9.718979835510254,"y":4.324231147766113,"z":-21.11688232421875},"rotation":{"x":0.0001436471939086914,"y":0.9983386397361755,"z":0.059973716735839847,"w":-0.0035682504530996086},"size":32.28278350830078,"orthographic":false}