{"cameraMode":{"drawMode":0,"name":"Shaded","section":"Shading Mode"},"sceneLighting":true,"audioPlay":false,"sceneViewState":{"showFog":false,"showMaterialUpdate":false,"showSkybox":false,"showFlares":false,"showImageEffects":false,"showParticleSystems":false},"in2DMode":false,"pivot":{"x":336.9849853515625,"y":249.82064819335938,"z":-453.4338073730469},"rotation":{"x":-0.009773829020559788,"y":0.020378176122903825,"z":0.00014554210065398365,"w":-0.9998053908348084},"size":21.212726593017579,"orthographic":false}